organization,word_section,word_implied_category,app_current_category,match
Maharashtra State Load Despatch Centre,Maharashtra State Load Despatch Centre,SLDC,SLDC,yes
Gujarat State Load Despatch Centre,Gujarat State Load Despatch Centre,SLDC,SLDC,yes
Madhya Pradesh State Load Despatch Centre,Madhya Pradesh State Load Despatch Centre,SLDC,SLDC,yes
Chhattisgarh State Load Despatch Centre,Chhattisgarh State Load Despatch Centre,SLDC,SLDC,yes
Western Regional Power Committee,Western Regional Power Committee,Regional Power Committee,Regional Power Committee,yes
Daman And Diu,Daman and Diu,SLDC,SLDC,yes
Dadra And Nagar Haveli,Dadra and Nagar Haveli,SLDC,SLDC,yes
NTPC Mumbai Head Quarter (WR-1),NTPC Mumbai Head Quarter (WR-1),Thermal,Thermal,yes
NTPC Raipur Head Quarter (WR-2),NTPC Raipur Head Quarter (WR-2),Thermal,Thermal,yes
Northern Regional Load Despatch Centre New Delhi,NLDC and RLDCs,RLDC,RLDC,yes
"Eastern Regional Load Despatch Centre , Kolkata",NLDC and RLDCs,RLDC,RLDC,yes
"Southern Regional Load Despatch Centre, Bengaluru",NLDC and RLDCs,RLDC,RLDC,yes
"North Eastern Regional Load Despatch Centre, Shillong",NLDC and RLDCs,RLDC,RLDC,yes
MP Power Management CO. LTD.,Madhya Pradesh State Load Despatch Centre,SLDC,Others,no
NTPC Kawas Solar PV Project,ISTS Connected RE Generators in Western Region,Generation Company,Generation Company,yes
Madhya Pradesh Power Generation Company Limited,Madhya Pradesh State Load Despatch Centre,SLDC,Generation Company,no
NTPC Solapur,NTPC Mumbai Head Quarter (WR-1),Thermal,Thermal,yes
Adani Wind Energy Kutch One Limited/ AWEKTL/ AWEKFL,ISTS Connected RE Generators in Western Region,Generation Company,Generation Company,yes
Ostro Energy Private Limited,ISTS Connected RE Generators in Western Region,Generation Company,Generation Company,yes
Adani Wind Energy Kutch Three Limited,ISTS Connected RE Generators in Western Region,Generation Company,Generation Company,yes
Adani Wind Energy Kutch Five Limited,ISTS Connected RE Generators in Western Region,Generation Company,Generation Company,yes
Avikaran Solar India Private Limited,ISTS Connected RE Generators in Western Region,Generation Company,Generation Company,yes
Powerica Limited,ISTS Connected RE Generators in Western Region,Generation Company,Generation Company,yes
NTPC Mauda,NTPC Mumbai Head Quarter (WR-1),Thermal,Thermal,yes
Solapur Solar PV Project,ISTS Connected RE Generators in Western Region,Generation Company,Generation Company,yes
Adani Wind Energy MP One Private Limited,ISTS Connected RE Generators in Western Region,Generation Company,Generation Company,yes
Adani Wind Energy Kutch Four Limited,ISTS Connected RE Generators in Western Region,Generation Company,Generation Company,yes
Apraava Energy Private Limited (AEPL),ISTS Connected RE Generators in Western Region,Generation Company,Generation Company,yes
Alfanar Netra Wind Private Limited,ISTS Connected RE Generators in Western Region,Generation Company,Generation Company,yes
Sherisha Raipur,ISTS Connected RE Generators in Western Region,Generation Company,Generation Company,yes
Wind One Renergy Limited,ISTS Connected RE Generators in Western Region,Generation Company,Generation Company,yes
Wind Three Renergy Limited,ISTS Connected RE Generators in Western Region,Generation Company,Generation Company,yes
Wind Five Renergy Limited,ISTS Connected RE Generators in Western Region,Generation Company,Generation Company,yes
Gujarat State Electricity Corporation Limited- Phase II,ISTS Connected RE Generators in Western Region,Generation Company,Generation Company,yes
NTPC Gadarwara,NTPC Raipur Head Quarter (WR-2),Thermal,Thermal,yes
NTPC Lara,NTPC Raipur Head Quarter (WR-2),Thermal,Thermal,yes
Adani Renewable Energy Fifty Five Limited - PSS3,ISTS Connected RE Generators in Western Region,Generation Company,Generation Company,yes
Adani Renewable Energy Forty One Limited PSS-13,ISTS Connected RE Generators in Western Region,Generation Company,Generation Company,yes
Adani Renewable Energy Fifty Seven Limited PSS-13,ISTS Connected RE Generators in Western Region,Generation Company,Generation Company,yes
Adani Renewable Energy Forty Eight Limited-PSS9,ISTS Connected RE Generators in Western Region,Generation Company,Generation Company,yes
Adani Renewable Energy Fifty Six Limited – PSS4,ISTS Connected RE Generators in Western Region,Generation Company,Generation Company,yes
Adani Renewable Energy Holding Four Limited-PSS1,ISTS Connected RE Generators in Western Region,Generation Company,Generation Company,yes
Adani Green Energy Twenty Six A Limited -PSS3,ISTS Connected RE Generators in Western Region,Generation Company,Generation Company,yes
Adani Green Energy Twenty Six B Limited -PSS3,ISTS Connected RE Generators in Western Region,Generation Company,Generation Company,yes
Adani Green Energy Twenty Five A Limited -PSS3,ISTS Connected RE Generators in Western Region,Generation Company,Generation Company,yes
Adani Green Energy Twenty Five B Limited -PSS3,ISTS Connected RE Generators in Western Region,Generation Company,Generation Company,yes
Adani Green Energy Twenty Four A Limited -PSS3,ISTS Connected RE Generators in Western Region,Generation Company,Generation Company,yes
Ambuja Cements Limited -PSS-4,ISTS Connected RE Generators in Western Region,Generation Company,Generation Company,yes
Ambuja Cements Limited-PSS-3,ISTS Connected RE Generators in Western Region,Generation Company,Generation Company,yes
Adani Hazira Port Limited-PSS3,ISTS Connected RE Generators in Western Region,Generation Company,Generation Company,yes
Adani Solar Energy Jodhpur Six Private Limited- PSS9,ISTS Connected RE Generators in Western Region,Generation Company,Generation Company,yes
Adani Hybrid Energy Jaisalmer Five Limited -PSS4,ISTS Connected RE Generators in Western Region,Generation Company,Generation Company,yes
Adani Green Energy Twenty Four Limited – PSS-4,ISTS Connected RE Generators in Western Region,Generation Company,Generation Company,yes
Adani Ports And Special Economic Zone Limited -PSS4,ISTS Connected RE Generators in Western Region,Generation Company,Generation Company,yes
Wind Two Renergy Private Limited,ISTS Connected RE Generators in Western Region,Generation Company,Generation Company,yes
Beempow Energy Private Limited,ISTS Connected RE Generators in Western Region,Generation Company,Generation Company,yes
AVAADA Sunshine Energy Private Limited,ISTS Connected RE Generators in Western Region,Generation Company,Generation Company,yes
Office: Executive Director (Transmission),Chhattisgarh State Load Despatch Centre,SLDC,Transmission Utility,no
"Office: The Chief Engineer (Sub-Station) CSPTCL, Raipur",Chhattisgarh State Load Despatch Centre,SLDC,Others,no
"Address: Vidhut Siva Bhavan 5th Floor CSEB, Power Company Campus, Dangania",Chhattisgarh State Load Despatch Centre,SLDC,Others,no
Avaada Gjlakadiya Private Limited,ISTS Connected RE Generators in Western Region,Generation Company,Generation Company,yes
Adani Renewable Energy Forty One Limited - PSS3,ISTS Connected RE Generators in Western Region,Generation Company,Generation Company,yes
NTPC Vindhyachal,NTPC Raipur Head Quarter (WR-2),Thermal,Thermal,yes
NTPC Korba,NTPC Raipur Head Quarter (WR-2),Thermal,Thermal,yes
NTPC Sipat,NTPC Raipur Head Quarter (WR-2),Thermal,Thermal,yes
NTPC Khargone,NTPC Raipur Head Quarter (WR-2),Thermal,Thermal,yes
Adani Renewable Energy Forty One Limited – PSS4,ISTS Connected RE Generators in Western Region,Generation Company,Generation Company,yes
Adani Renewable Energy Fifty Six Limited – PSS9,ISTS Connected RE Generators in Western Region,Generation Company,Generation Company,yes
Athena Jaipur Solar Power Private Limited,ISTS Connected RE Generators in Western Region,Generation Company,Generation Company,yes
Tata Power Renewable Energy Ltd.,ISTS Connected RE Generators in Western Region,Generation Company,Generation Company,yes
NTPC Jhanor - Gandhar Solar PV Project,ISTS Connected RE Generators in Western Region,Generation Company,Generation Company,yes
Gujarat State Electricity Corporation Limited,ISTS Connected RE Generators in Western Region,Generation Company,Generation Company,yes
Tarapur Atomic Power Station Stg-1 & 2,Nuclear Power Stations in Western Region,Nuclear,Nuclear,yes
Tarapur Atomic Power Station Stg-3 & 4,Nuclear Power Stations in Western Region,Nuclear,Nuclear,yes
Green Infra Wind Energy Limited SECI –II & SECI -II,ISTS Connected RE Generators in Western Region,Generation Company,Generation Company,yes
Mahindra Renewables Private Limited,ISTS Connected RE Generators in Western Region,Generation Company,Generation Company,yes
Ostro Kutch Wind Private Limited,ISTS Connected RE Generators in Western Region,Generation Company,Generation Company,yes
Renew Power Limited,ISTS Connected RE Generators in Western Region,Generation Company,Generation Company,yes
Alfanar Energy Private Limited,ISTS Connected RE Generators in Western Region,Generation Company,Generation Company,yes
Renew Wind Energy (AP2) Private Limited,ISTS Connected RE Generators in Western Region,Generation Company,Generation Company,yes
Continuum Power Trading Private Limited,ISTS Connected RE Generators in Western Region,Generation Company,Generation Company,yes
Electro Solaire Private Limited,ISTS Connected RE Generators in Western Region,Generation Company,Generation Company,yes
NTPC Gandhar,NTPC Mumbai Head Quarter (WR-1),Thermal,Thermal,yes
Kakrapar Atomic Power Station Stg-1 & 2,Nuclear Power Stations in Western Region,Nuclear,Nuclear,yes
Kakrapar Atomic Power Station Stg-3 & 4,Nuclear Power Stations in Western Region,Nuclear,Nuclear,yes
"Kalwa, Thane-Belapur",Maharashtra State Load Despatch Centre,SLDC,Others,no
"Vidyut Bhavan, 3rd Floor, Panaji, Goa-403 001",Goa Electricity Department,SLDC,Others,no
Western Region Load Despatch Centre,Western Region Load Despatch Centre,RLDC,RLDC,yes
"Power System Operation Corporation Limited National Load Despatch Centre (NLDC), New Delhi",NLDC and RLDCs,RLDC,RLDC,yes
Arinsun Clean Energy Private Limited,ISTS Connected RE Generators in Western Region,Generation Company,Generation Company,yes
INOX Green Energy Services Limited,ISTS Connected RE Generators in Western Region,Generation Company,Generation Company,yes
Gujarat Industries Power Company Limited,ISTS Connected RE Generators in Western Region,Generation Company,Generation Company,yes
Sitac Kabini Renewables Private Limited,ISTS Connected RE Generators in Western Region,Generation Company,Generation Company,yes
Srijan Energy Systems Private Limited,ISTS Connected RE Generators in Western Region,Generation Company,Generation Company,yes
TP Saurya Limited Unit-1,ISTS Connected RE Generators in Western Region,Generation Company,Generation Company,yes
TP Saurya Limited Unit-2,ISTS Connected RE Generators in Western Region,Generation Company,Generation Company,yes
Adani Power Limited,Other Transmission Licensees in Western Region,Transmission Utility,Transmission Utility,yes
Adani Ports And Special Economic Zone Limited -PSS3,ISTS Connected RE Generators in Western Region,Generation Company,Generation Company,yes
AMNS (Essar) Power Transmission Company Limited,Other Transmission Licensees in Western Region,Transmission Utility,Transmission Utility,yes
India Grid Trust (Indigrid),Other Transmission Licensees in Western Region,Transmission Utility,Transmission Utility,yes
Sterlite Power Transmission Limited,Other Transmission Licensees in Western Region,Transmission Utility,Transmission Utility,yes
Rajgarh Transmission Limited,Other Transmission Licensees in Western Region,Transmission Utility,Transmission Utility,yes
